[
  {
    "id": "1",
    "title": "Realidad Virtual Semiinversa",
    "descript": "permite a los usuarios experimentar en entornos virtuales de tres dimensiones pero manteniéndose conectado a las visuales, sonidos, olores del mundo real y teniendo control sobre objetos físicos",
    "order": "1",
    "status": "close",
    "img": "./img/negro.jpg", 
    "lv": 1
  },
  {
    "id": "2",
    "title": "Realidad Virtual Semiinversa",
    "descript": "permite a los usuarios experimentar en entornos virtuales de tres dimensiones pero manteniéndose conectado a las visuales, sonidos, olores del mundo real y teniendo control sobre objetos físicos",
    "order": "4",
    "status": "close",
    "img": "./img/negro.jpg"
  },
  {
    "id": "3",
    "title": "Realidad Virtual inmersiva total",
    "descript": "Busca crear una experiencia 360 completa transportando a los usuarios a entornos tridimensionales digitales. ",
    "order": "2",
    "status": "close",
    "img": "./img/virtual.jpg"
  },
  {
    "id": "4",
    "title": "Realidad Virtual inmersiva total",
    "descript": "Busca crear una experiencia 360 completa transportando a los usuarios a entornos tridimensionales digitales. ",
    "order": "3",
    "status": "close",
    "img": "./img/virtual.jpg"
  },
  {
    "id": "5",
    "title": "Realidad Virtual no inmersiva",
    "descript": "Es aquel donde el usuario utiliza el monitor como ventana hacia el mundo virtual y la interacción es por medio del teclado, micrófono, mouse o joystick entre otros",
    "order": "2",
    "status": "close",
    "img": "./img/noin.jpg"
  },
  {
    "id": "6",
    "title": "Realidad Virtual no inmersiva",
    "descript": "Es aquel donde el usuario utiliza el monitor como ventana hacia el mundo virtual y la interacción es por medio del teclado, micrófono, mouse o joystick entre otros ",
    "order": "2",
    "status": "close",
    "img": "./img/noin.jpg"
  }
  
]
